29,1,936307,936308,-,AT1G03740,A:T->C:G,-,S,protein kinase domain-containing protein
29,1,7068062,7068072,-,-,G:C->A:T,-,IG,-
29,1,11046428,11046447,-,-,G:C->A:T,-,IG,-
29,1,22872635,22868970,-,AT1G61890,A:T->G:C,-,IR,MATE efflux family protein
29,2,4077436,4070354,-,-,A:T->T:A,-,IG,-
29,2,14181788,14174712,RIC1,AT2G33460,A:T->G:C,K->E,N,ROP-interactive CRIB motif-containing protein 1
29,2,18980246,18973173,-,-,G:C->A:T,-,IG,-
29,3,1207250,1207244,-,AT3G04490,A:T->G:C,-,IR,hypothetical protein
29,3,9510201,9508964,-,AT3G26000,G:C->A:T,-,UTR,F-box protein SKIP14
29,3,11028301,11027064,-,-,A:T->G:C,-,IG,-
29,3,15175453,15164465,-,-,G:C->A:T,-,IG,-
29,3,15506155,15495167,-,-,G:C->A:T,-,IG,-
29,3,18081319,18070334,-,-,G:C->A:T,-,IG,-
29,4,2983508,2983511,-,-,G:C->A:T,-,IG,-
29,4,5854619,5854622,-,-,G:C->A:T,-,IG,-
29,4,7627912,7627915,XTH1,AT4G13080,G:C->A:T,-,IR,xyloglucan:xyloglucosyl transferase
29,5,10116709,10116705,-,-,G:C->A:T,-,IG,-
49,1,13150205,13150227,-,-,G:C->A:T,-,IG,-
49,1,16359560,16357120,-,-,G:C->A:T,-,IG,-
49,1,17233704,17231264,-,-,G:C->T:A,-,IG,-
49,1,21998279,21994614,-,AT1G59780,A:T->C:G,F->C,N,NB-ARC domain-containing disease resistance protein
49,1,25338065,25334402,-,AT1G67590,A:T->G:C,E->G,N,Remorin family protein
49,2,3850915,3843832,-,-,A:T->T:A,-,IG,-
49,2,10757312,10750233,-,-,G:C->A:T,-,IG,-
49,3,11306735,11305498,-,-,A:T->G:C,-,IG,-
49,3,13455609,13451896,-,AT3G32904,A:T->C:G,F->V,N,hypothetical protein
49,3,15098177,15087189,-,-,G:C->A:T,-,IG,-
49,3,15591574,15580586,-,-,G:C->A:T,-,IG,-
49,3,19431714,19420736,-,-,A:T->G:C,-,IG,-
49,3,20167955,20156977,-,AT3G54440,G:C->C:G,G->R,N,beta-galactosidase
49,4,4105103,4105106,-,-,G:C->A:T,-,IG,-
49,4,4128739,4128742,-,-,G:C->T:A,-,IG,-
49,4,5449854,5449857,-,-,A:T->G:C,-,IG,-
49,4,15638148,15638142,-,-,G:C->A:T,-,IG,-
49,5,5513177,5513174,-,-,G:C->A:T,-,IG,-
59,1,1468806,1468807,-,-,G:C->C:G,-,IG,-
59,1,4450911,4450913,-,AT1G13050,A:T->C:G,-,S,hypothetical protein
59,1,9552508,9552521,-,AT1G27500,G:C->A:T,-,S,tetratricopeptide repeat domain-containing protein
59,1,11493432,11493452,-,-,G:C->A:T,-,IG,-
59,1,24572212,24568549,-,-,G:C->A:T,-,IG,-
59,1,27850165,27846504,TET17,AT1G74045,G:C->A:T,-,IR,tetraspanin 17
59,1,28700353,28695459,-,-,G:C->T:A,-,IG,-
59,2,3786851,3779768,-,-,G:C->T:A,-,IG,-
59,2,5887984,5880902,-,-,G:C->T:A,-,IG,-
59,2,15896842,15889764,-,-,G:C->A:T,-,IG,-
59,2,17502589,17495511,-,-,A:T->G:C,-,IG,-
59,3,10416525,10415288,-,-,G:C->A:T,-,IG,-
59,3,10811191,10809954,-,-,G:C->A:T,-,IG,-
59,3,12243310,12240831,-,-,A:T->C:G,-,IG,-
59,3,18703173,18692192,-,AT3G50380,G:C->C:G,-,IR,hypothetical protein
59,3,22082544,22071567,-,AT3G59750,A:T->C:G,-,S,concanavalin A-like lectin kinase-like protein
59,4,1985679,1985681,-,-,G:C->A:T,-,IG,-
59,4,4729650,4729653,-,-,A:T->C:G,-,IG,-
59,4,5226368,5226371,-,-,G:C->T:A,-,IG,-
59,4,5381530,5381533,-,-,G:C->A:T,-,IG,-
59,4,8362950,8362954,-,AT4G14570,G:C->C:G,S->C,N,acylaminoacyl-peptidase
59,5,14687103,14669873,-,-,G:C->C:G,-,IG,-
59,5,20886692,20869466,-,AT5G51350,G:C->C:G,P->A,N,putative leucine-rich repeat transmembrane protein kinase
69,1,11947626,11947646,SBT3.3,AT1G32960,G:C->A:T,G->R,N,Subtilase-like protein
69,1,21686945,21683280,-,-,G:C->A:T,-,IG,-
69,1,28571633,28566739,-,-,G:C->A:T,-,IG,-
69,2,5805588,5798506,-,-,G:C->A:T,-,IG,-
69,2,6075002,6067920,-,-,A:T->T:A,-,IG,-
69,2,6445372,6438290,-,-,G:C->A:T,-,IG,-
69,2,8592695,8585613,-,-,G:C->A:T,-,IG,-
69,2,11369734,11362656,-,-,G:C->A:T,-,IG,-
69,3,16724903,16713918,-,-,G:C->A:T,-,IG,-
69,4,2752261,2752264,DDB1A,AT4G05420,G:C->T:A,E->D,N,DNA damage-binding protein 1a
69,4,3685382,3685385,-,-,A:T->T:A,-,IG,-
69,4,3688311,3688314,-,-,G:C->A:T,-,IG,-
69,4,6390518,6390522,-,-,A:T->G:C,-,IG,-
69,4,8208973,8208978,-,AT4G14250,G:C->A:T,-,UTR,structural constituent of ribosome
69,5,6434118,6434116,-,-,G:C->A:T,-,IG,-
69,5,15620702,15603472,-,-,G:C->A:T,-,IG,-
69,5,16973407,16956179,SDG25,AT5G42400,G:C->A:T,-,S,histone-lysine N-methyltransferase SETD1
69,5,22268356,22251130,-,AT5G54780,G:C->A:T,-,IR,RabGAP/TBC domain-containing protein
119,1,7065549,7065559,-,-,G:C->A:T,-,IG,-
119,1,7591509,7591520,NADK2,AT1G21640,G:C->A:T,-,IR,NAD kinase 2
119,1,9335711,9335724,-,-,G:C->A:T,-,IG,-
119,1,10978854,10978873,-,-,G:C->A:T,-,IG,-
119,1,12253505,12253525,-,-,A:T->G:C,-,IG,-
119,1,16724283,16721843,-,-,A:T->T:A,-,IG,-
119,2,6946725,6939643,-,-,G:C->A:T,-,IG,-
119,2,8680933,8673852,-,-,A:T->G:C,-,IG,-
119,2,9528174,9521094,-,-,G:C->A:T,-,IG,-
119,3,47128,47121,MYB106,AT3G01140,G:C->T:A,Q->K,N,myb domain protein 106
119,3,840906,840899,-,-,G:C->A:T,-,IG,-
119,3,11717753,11715274,-,-,G:C->C:G,-,IG,-
119,3,19123756,19112777,-,AT3G51530,G:C->A:T,-,UTR,F-box/FBD/LRR-repeat protein
119,4,4280164,4280167,-,-,G:C->A:T,-,IG,-
119,4,6418272,6418276,-,-,G:C->A:T,-,IG,-
119,4,8674353,8674353,PDR13,AT4G15215,G:C->A:T,L->F,N,ABC transporter G family member 41
119,4,8799686,8799686,-,-,G:C->A:T,-,IG,-
119,4,13328344,13328335,-,-,G:C->A:T,-,IG,-
119,4,13514562,13514556,-,-,G:C->T:A,-,IG,-
119,4,13514563,13514557,-,-,G:C->C:G,-,IG,-
119,5,2650986,2650985,-,AT5G08240,G:C->A:T,-,UTR,hypothetical protein
119,5,13239247,13222017,-,-,G:C->A:T,-,IG,-
119,5,14578077,14560847,-,-,G:C->A:T,-,IG,-
